600000000,900000000,3418309,0,4155527081,0.001562,0.06787,0.07568,0.001156,0.001503,0.06787,2.861e-06,0.0001869,0.03967,0.0003567,2.445,0.007243,0,1,0
600000000,900000000,3418309,1,329150663,0.001568,0.06787,0.07556,0.0003195,0.0007,0.06787,5.722e-06,0.0001879,0.03302,0.0009289,2.1,0.005791,0,1,0
600000000,900000000,3418314,0,3938719206,0.0003071,0.08044,0.09521,0.0002823,0.0006704,0.08044,4.768e-06,0.0001841,0.02377,0.0007858,5.588,0.0208,0,1,0
600000000,900000000,3418314,1,351618647,0.0003004,0.08044,0.09521,0.0005369,0.0008698,0.08044,9.537e-06,0.0001831,0.007919,0.002285,5.198,0.02038,0,1,0
600000000,900000000,3418319,0,431052910,0.0004606,0.07715,0.0874,0.0006247,0.0008516,0.07715,1.907e-06,0.0002041,0.005112,0.0002146,2.937,0.009449,0,1,0
600000000,900000000,3418319,1,257348783,0.0005188,0.07678,0.0874,0.0003376,0.000721,0.07678,6.676e-06,0.0002041,0.01508,0.0009289,3.055,0.01007,0,1,0
900000000,1200000000,3418309,0,4155527081,0.001396,0.06787,0.07568,0.001158,0.001507,0.06787,3.815e-06,0.0001869,0.04071,0.0003567,2.356,0.007078,0,1,0
900000000,1200000000,3418309,1,329150663,0.001406,0.06787,0.07556,0.0003185,0.000699,0.06787,1.335e-05,0.000186,0.01733,0.00243,2.052,0.005436,0,1,0
900000000,1200000000,3418314,0,3938719206,0.0002718,0.08044,0.09521,0.0002832,0.0006714,0.08044,2.861e-06,0.0001841,0.02856,0.0001431,5.416,0.02011,0,1,0
900000000,1200000000,3418314,1,351618647,0.0002508,0.08044,0.09521,0.0005379,0.0008707,0.08044,4.768e-06,0.0001831,0.03491,0.0005713,3.611,0.01321,0,1,0
900000000,1200000000,3418319,0,431052910,0.0005322,0.07715,0.0874,0.0006275,0.0008535,0.07715,1.907e-06,0.0002041,0.01543,0.0002146,3.447,0.01228,0,1,0
900000000,1200000000,3418319,1,257348783,0.0005989,0.07678,0.0874,0.000351,0.0007343,0.07678,2.861e-06,0.0002041,0.01682,0.0002861,3.416,0.0115,0,1,0
1200000000,1500000000,3418309,0,4155527081,0.001513,0.06787,0.07568,0.001162,0.001509,0.06787,6.676e-06,0.0001869,0.07849,0.001215,2.441,0.007303,0,1,0
1200000000,1500000000,3418309,1,329150663,0.001429,0.06787,0.07556,0.0003223,0.0007038,0.06787,2.861e-06,0.000186,0.03876,7.153e-05,2.243,0.006507,0,1,0
1200000000,1500000000,3418314,0,3938719206,0.0002308,0.08044,0.09521,0.0002842,0.0006723,0.08044,2.861e-06,0.0001841,0.008972,0.0002146,6.231,0.02324,0,1,0
1200000000,1500000000,3418314,1,351618647,0.0001984,0.08044,0.09521,0.0005379,0.0008717,0.08044,3.815e-06,0.0001831,0.01042,0.0003567,5.538,0.02312,0,1,0
1200000000,1500000000,3418319,0,431052910,0.0006647,0.07715,0.0874,0.0006304,0.0008564,0.07715,1.907e-06,0.0002041,0.01663,0.0002146,2.58,0.00797,0,1,0
1200000000,1500000000,3418319,1,257348783,0.0007238,0.07678,0.0874,0.0003595,0.0007439,0.07678,1.431e-05,0.0002041,0.07495,0.001429,2.021,0.005343,0,1,0
1500000000,1800000000,3418309,0,4155527081,0.001442,0.06787,0.07568,0.00115,0.001499,0.06787,2.861e-06,0.0001869,0.0184,0.0001431,2.458,0.007408,0,1,0
1500000000,1800000000,3418309,1,329150663,0.001316,0.06787,0.07556,0.0003252,0.0007057,0.06787,3.815e-06,0.000186,0.02689,0.0002146,1.971,0.005463,0,1,0
1500000000,1800000000,3418314,0,3938719206,0.000248,0.08044,0.09521,0.0002785,0.0006666,0.08044,2.861e-06,0.0001841,0.003304,0.0001431,5.999,0.02257,0,1,0
1500000000,1800000000,3418314,1,351618647,0.0002375,0.08044,0.09521,0.0005388,0.0008717,0.08044,3.815e-06,0.0001831,0.005424,0.0004997,3.914,0.01467,0,1,0
1500000000,1800000000,3418319,0,431052910,0.0006266,0.07715,0.0874,0.0006332,0.0008602,0.07715,1.907e-06,0.0002041,0.008423,0.0001431,3.155,0.01119,0,1,0
1500000000,1800000000,3418319,1,257348783,0.0006876,0.07678,0.0874,0.0003614,0.0007448,0.07678,3.815e-06,0.0002041,0.008087,0.0003567,2.973,0.009554,0,1,0
1800000000,2100000000,3418309,0,4155527081,0.001551,0.06787,0.07568,0.00115,0.001497,0.06787,1.907e-06,0.0001869,0.0145,0.0001431,2.511,0.007567,0,1,0
1800000000,2100000000,3418309,1,329150663,0.001427,0.06787,0.07556,0.0003223,0.0007029,0.06787,2.861e-06,0.000186,0.02866,7.153e-05,2.034,0.005596,0,1,0
1800000000,2100000000,3418314,0,3938719206,0.0002642,0.08044,0.09521,0.0002794,0.0006676,0.08044,4.768e-06,0.0001841,0.007446,0.0004997,7.046,0.02695,0,1,0
1800000000,2100000000,3418314,1,351618647,0.0002356,0.08044,0.09521,0.0005398,0.0008726,0.08044,2.861e-06,0.0001831,0.004463,0.0002146,5.361,0.02158,0,1,0
1800000000,2100000000,3418319,0,431052910,0.0005112,0.07715,0.0874,0.0006361,0.0008631,0.07715,1.907e-06,0.0002041,0.007919,0.0002146,2.697,0.008896,0,1,0
1800000000,2100000000,3418319,1,257348783,0.0005798,0.07678,0.0874,0.0003643,0.0007477,0.07678,4.768e-06,0.0002041,0.007286,0.0007143,3.381,0.01139,0,1,0
2100000000,2400000000,3418309,0,4155527081,0.001423,0.06787,0.07568,0.00115,0.001499,0.06787,4.768e-06,0.0001869,0.0217,0.0004997,2.542,0.007365,0,1,0
2100000000,2400000000,3418309,1,329150663,0.001322,0.06787,0.07556,0.0003223,0.0007038,0.06787,1.907e-06,0.000186,0.0159,0.0001431,2.125,0.00607,0,1,0
2100000000,2400000000,3418314,0,3938719206,0.0002403,0.08044,0.09521,0.0002804,0.0006685,0.08044,2.861e-06,0.0001841,0.004547,0.0002861,5.809,0.02203,0,1,0
2100000000,2400000000,3418314,1,351618647,0.0002441,0.08044,0.09521,0.0005407,0.0008736,0.08044,2.861e-06,0.0001831,0.007805,0.0001431,4.42,0.0168,0,1,0
2100000000,2400000000,3418319,0,431052910,0.0004091,0.07715,0.0874,0.000638,0.000865,0.07715,9.537e-07,0.0002041,0.02875,7.153e-05,3.597,0.01372,0,1,0
2100000000,2400000000,3418319,1,257348783,0.0004091,0.07678,0.0874,0.0003662,0.0007496,0.07678,6.676e-06,0.0002041,0.01015,0.0008574,3.185,0.01034,0,1,0
2400000000,2700000000,3418309,0,4155527081,0.001642,0.06787,0.07568,0.001148,0.001495,0.06787,3.815e-06,0.0001869,0.01505,0.0002861,2.578,0.007487,0,1,0
2400000000,2700000000,3418309,1,329150663,0.001505,0.06787,0.07556,0.0003262,0.0007067,0.06787,2.861e-06,0.000186,0.01097,7.153e-05,2.123,0.006191,0,1,0
2400000000,2700000000,3418314,0,3938719206,0.0002708,0.08044,0.09521,0.0002766,0.0006647,0.08044,6.676e-06,0.0001841,0.006134,0.0007858,5.649,0.02137,0,1,0
2400000000,2700000000,3418314,1,351618647,0.0002432,0.08044,0.09521,0.0005407,0.0008745,0.08044,1.907e-06,0.0001831,0.03088,0.0001431,4.785,0.01799,0,1,0
2400000000,2700000000,3418319,0,431052910,0.0004005,0.07715,0.0874,0.0006399,0.0008669,0.07715,1.907e-06,0.0002041,0.01898,0.0002146,3.01,0.01001,0,1,0
2400000000,2700000000,3418319,1,257348783,0.0003757,0.07678,0.0874,0.0003681,0.0007515,0.07678,9.537e-06,0.0002041,0.00695,0.001785,2.864,0.009242,0,1,0
2700000000,3000000000,3418309,0,4155527081,0.001488,0.06787,0.07568,0.001146,0.001493,0.06787,2.861e-06,0.0001869,0.01694,0.0002861,2.56,0.007531,0,1,0
2700000000,3000000000,3418309,1,329150663,0.001404,0.06787,0.07556,0.0001526,0.0005331,0.06787,2.861e-06,0.000186,0.03333,0.0001431,2.244,0.00641,0,1,0
2700000000,3000000000,3418314,0,3938719206,0.0002689,0.08044,0.09521,0.0002737,0.0006618,0.08044,4.768e-06,0.0001841,0.01173,0.0007858,8.121,0.03232,0,1,0
2700000000,3000000000,3418314,1,351618647,0.000227,0.08044,0.09521,0.000535,0.0008688,0.08044,2.861e-06,0.0001831,0.004524,0.0002146,3.477,0.01266,0,1,0
2700000000,3000000000,3418319,0,431052910,0.0003815,0.07715,0.0874,0.0006418,0.0008678,0.07715,1.907e-06,0.0002041,0.01036,0.0002861,4.242,0.01542,0,1,0
2700000000,3000000000,3418319,1,257348783,0.0003614,0.07678,0.0874,0.0003691,0.0007534,0.07678,6.676e-06,0.0002041,0.005623,0.0009995,4.043,0.01492,0,1,0
3000000000,3300000000,3418309,0,4155527081,0.001459,0.06787,0.07568,0.001152,0.001499,0.06787,4.768e-06,0.0001869,0.01497,0.0007143,2.325,0.006617,0,1,0
3000000000,3300000000,3418309,1,329150663,0.001333,0.06787,0.07556,0.0001087,0.0004892,0.06787,1.907e-06,0.000186,0.01051,7.153e-05,2.162,0.006269,0,1,0
3000000000,3300000000,3418314,0,3938719206,0.0002155,0.08044,0.09521,0.0002747,0.0006618,0.08044,3.815e-06,0.0001841,0.005775,0.0004282,6.56,0.02671,0,1,0
3000000000,3300000000,3418314,1,351618647,0.0002174,0.08044,0.09521,0.0005341,0.0008678,0.08044,2.861e-06,0.0001831,0.006401,0.0001431,4.475,0.01719,0,1,0
3000000000,3300000000,3418319,0,431052910,0.0004787,0.07715,0.0874,0.0006437,0.0008698,0.07715,1.907e-06,0.0002041,0.006943,0.0003567,2.848,0.009105,0,1,0
3000000000,3300000000,3418319,1,257348783,0.0004702,0.07678,0.0874,0.000371,0.0007544,0.07678,1.24e-05,0.0002041,0.007202,0.001858,3.201,0.0108,0,1,0
3300000000,3600000000,3418309,0,4155527081,0.001421,0.06787,0.07568,0.001156,0.001503,0.06787,2.861e-06,0.0001869,0.01285,0.0002146,2.618,0.007841,0,1,0
3300000000,3600000000,3418309,1,329150663,0.001261,0.06787,0.07556,0.0001144,0.0004959,0.06787,2.861e-06,0.000186,0.0321,0.0002146,2.012,0.005416,0,1,0
3300000000,3600000000,3418314,0,3938719206,0.000226,0.08044,0.09521,0.0002747,0.0006628,0.08044,4.768e-06,0.0001841,0.01587,0.0007143,7.597,0.03166,0,1,0
3300000000,3600000000,3418314,1,351618647,0.0002785,0.08044,0.09521,0.000535,0.0008678,0.08044,2.861e-06,0.0001831,0.01503,0.0003567,4.984,0.01984,0,1,0
3300000000,3600000000,3418319,0,431052910,0.0003653,0.07715,0.0874,0.0006456,0.0008717,0.07715,9.537e-07,0.0002041,0.01033,0.0001431,4.269,0.01597,0,1,0
3300000000,3600000000,3418319,1,257348783,0.0003786,0.07678,0.0874,0.0003691,0.0007524,0.07678,1.431e-05,0.0002041,0.01268,0.002571,2.896,0.009353,0,1,0
3600000000,3900000000,3418309,0,4155527081,0.001623,0.06787,0.07568,0.001162,0.001509,0.06787,4.768e-06,0.0001869,0.01727,0.0006428,2.668,0.007548,0,1,0
3600000000,3900000000,3418309,1,329150663,0.001337,0.06787,0.07556,0.0001202,0.0005016,0.06787,2.861e-06,0.000186,0.02097,0.0004282,2.203,0.006551,0,1,0
3600000000,3900000000,3418314,0,3938719206,0.0002422,0.08044,0.09521,0.0002756,0.0006628,0.08044,1.049e-05,0.0001841,0.006989,0.001429,4.894,0.01925,0,1,0
3600000000,3900000000,3418314,1,351618647,0.0002623,0.08044,0.09521,0.000536,0.0008688,0.08044,4.768e-06,0.0001831,0.01201,0.0008574,4.108,0.01541,0,1,0
3600000000,3900000000,3418319,0,431052910,0.0005293,0.07715,0.0874,0.0006466,0.0008736,0.07715,2.861e-06,0.0002041,0.009293,0.0004282,2.403,0.007189,0,1,0
3600000000,3900000000,3418319,1,257348783,0.0004892,0.07678,0.0874,0.000371,0.0007544,0.07678,1.144e-05,0.0002041,0.006882,0.001072,2.387,0.007253,0,1,0
3900000000,4200000000,3418309,0,4155527081,0.001497,0.06787,0.07568,0.001167,0.001514,0.06787,3.815e-06,0.0001869,0.01733,0.0003567,2.636,0.007568,0,1,0
3900000000,4200000000,3418309,1,329150663,0.001255,0.06787,0.07556,0.0001268,0.0005074,0.06787,2.861e-06,0.000186,0.01347,0.0001431,2.32,0.006879,0,1,0
3900000000,4200000000,3418314,0,3938719206,0.0002174,0.08044,0.09521,0.0002756,0.0006638,0.08044,2.861e-06,0.0001841,0.006729,0.0001431,5.02,0.01988,0,1,0
3900000000,4200000000,3418314,1,351618647,0.0002527,0.08044,0.09521,0.000536,0.0008698,0.08044,2.861e-06,0.0001831,0.00705,0.0001431,4.521,0.0172,0,1,0
3900000000,4200000000,3418319,0,431052910,0.0006037,0.07715,0.0874,0.0006485,0.0008755,0.07715,9.537e-07,0.0002041,0.01192,7.153e-05,2.749,0.008897,0,1,0
3900000000,4200000000,3418319,1,257348783,0.000596,0.07678,0.0874,0.0003729,0.0007563,0.07678,9.537e-06,0.0002041,0.01678,0.001286,2.717,0.009018,0,1,0
4200000000,4500000000,3418309,0,4155527081,0.001513,0.06787,0.07568,0.001173,0.00152,0.06787,2.861e-06,0.0001869,0.03833,0.0001431,2.598,0.007462,0,1,0
4200000000,4500000000,3418309,1,329150663,0.001326,0.06787,0.07556,0.0001326,0.0005131,0.06787,1.144e-05,0.000186,0.01357,0.002857,2.22,0.006461,0,1,0
4200000000,4500000000,3418314,0,3938719206,0.0002499,0.08044,0.09521,0.0002766,0.0006647,0.08044,3.815e-06,0.0001841,0.009735,0.0004282,5.1,0.01984,0,1,0
4200000000,4500000000,3418314,1,351618647,0.0002708,0.08044,0.09521,0.0005369,0.0008698,0.08044,3.815e-06,0.0001831,0.007271,0.0004282,3.451,0.01261,0,1,0
4200000000,4500000000,3418319,0,431052910,0.0004873,0.07715,0.0874,0.0006514,0.0008774,0.07715,2.861e-06,0.0002041,0.007759,0.0006428,2.421,0.007329,0,1,0
4200000000,4500000000,3418319,1,257348783,0.0004635,0.07678,0.0874,0.0003719,0.0007553,0.07678,2.861e-06,0.0002041,0.009842,0.0002861,2.853,0.00933,0,1,0
4500000000,4800000000,3418309,0,4155527081,0.001663,0.06787,0.07568,0.001177,0.001526,0.06787,2.861e-06,0.0001869,0.02499,0.0001431,2.615,0.007488,0,1,0
4500000000,4800000000,3418309,1,329150663,0.001514,0.06787,0.07556,0.0001392,0.0005198,0.06787,3.815e-06,0.000186,0.01614,0.0002861,1.986,0.005194,0,1,0
4500000000,4800000000,3418314,0,3938719206,0.0002174,0.08044,0.09521,0.0002775,0.0006647,0.08044,2.861e-06,0.0001841,0.03302,0.0001431,5.716,0.0225,0,1,0
4500000000,4800000000,3418314,1,351618647,0.000226,0.08044,0.09521,0.0005379,0.0008707,0.08044,2.861e-06,0.0001831,0.01782,0.0003567,5.621,0.02274,0,1,0
4500000000,4800000000,3418319,0,431052910,0.0005054,0.07715,0.0874,0.0006533,0.0008793,0.07715,1.907e-06,0.0002041,0.02658,0.0002146,3.283,0.01212,0,1,0
4500000000,4800000000,3418319,1,257348783,0.0005693,0.07678,0.0874,0.0003653,0.0007486,0.07678,1.621e-05,0.0002041,0.01245,0.002071,2.536,0.007836,0,1,0
4800000000,5100000000,3418309,0,4155527081,0.001534,0.06787,0.07568,0.001184,0.001532,0.06787,3.815e-06,0.0001869,0.02679,0.0003567,2.363,0.006499,0,1,0
4800000000,5100000000,3418309,1,329150663,0.001492,0.06787,0.07556,0.0001459,0.0005264,0.06787,1.907e-06,0.000186,0.01733,7.153e-05,1.785,0.004427,0,1,0
4800000000,5100000000,3418314,0,3938719206,0.0002127,0.08044,0.09521,0.0002775,0.0006657,0.08044,5.722e-06,0.0001841,0.00264,0.0009995,7.934,0.03161,0,1,0
4800000000,5100000000,3418314,1,351618647,0.0002718,0.08044,0.09521,0.0005379,0.0008707,0.08044,2.861e-06,0.0001831,0.006622,0.0001431,4.054,0.01522,0,1,0
4800000000,5100000000,3418319,0,431052910,0.0005732,0.07715,0.0874,0.0006552,0.0008812,0.07715,1.907e-06,0.0002041,0.0101,0.0002146,2.481,0.007662,0,1,0
4800000000,5100000000,3418319,1,257348783,0.0005789,0.07678,0.0874,0.0003672,0.0007505,0.07678,2.861e-06,0.0002041,0.01268,0.0001431,2.544,0.007803,0,1,0
5100000000,5400000000,3418309,0,4155527081,0.001455,0.06787,0.07568,0.001186,0.001534,0.06787,2.861e-06,0.0001869,0.01468,0.0003567,2.655,0.007935,0,1,0
5100000000,5400000000,3418309,1,329150663,0.00141,0.06787,0.07556,0.0001516,0.0005322,0.06787,1.24e-05,0.000186,0.01407,0.002998,1.902,0.004967,0,1,0
5100000000,5400000000,3418314,0,3938719206,0.0002069,0.08044,0.09521,0.0002785,0.0006657,0.08044,3.815e-06,0.0001841,0.00383,0.0007858,7.153,0.02801,0,1,0
5100000000,5400000000,3418314,1,351618647,0.0002737,0.08044,0.09521,0.0005388,0.0008717,0.08044,3.815e-06,0.0001831,0.02533,0.0003567,4.03,0.01498,0,1,0
5100000000,5400000000,3418319,0,431052910,0.0004711,0.07715,0.0874,0.0006571,0.0008831,0.07715,9.537e-07,0.0002041,0.01691,7.153e-05,3.397,0.01197,0,1,0
5100000000,5400000000,3418319,1,257348783,0.0004053,0.07678,0.0874,0.0003691,0.0007524,0.07678,3.815e-06,0.0002041,0.0141,0.0004282,2.658,0.008664,0,1,0
5400000000,5700000000,3418309,0,4155527081,0.001549,0.06787,0.07568,0.001192,0.001539,0.06787,3.815e-06,0.0001869,0.01767,0.0001431,2.522,0.00733,0,1,0
5400000000,5700000000,3418309,1,329150663,0.001413,0.06787,0.07556,0.0001564,0.0005369,0.06787,2.861e-06,0.000186,0.04156,7.153e-05,2.136,0.005996,0,1,0
5400000000,5700000000,3418314,0,3938719206,0.0002356,0.08044,0.09521,0.0002785,0.0006666,0.08044,1.907e-06,0.0001841,0.005295,0.0001431,6.057,0.0229,0,1,0
5400000000,5700000000,3418314,1,351618647,0.0002346,0.08044,0.09521,0.0005388,0.0008717,0.08044,2.861e-06,0.0001831,0.006828,0.0002146,5.92,0.02343,0,1,0
5400000000,5700000000,3418319,0,431052910,0.0004835,0.07715,0.0874,0.000658,0.000885,0.07715,2.861e-06,0.0002041,0.01537,0.0007143,2.483,0.007827,0,1,0
5400000000,5700000000,3418319,1,257348783,0.0004606,0.07678,0.0874,0.00037,0.0007544,0.07678,1.907e-06,0.0002041,0.02176,0.0001431,2.317,0.007282,0,1,0
