policy,workload_type,slo_viol_share,jct_stretch_mean
linear-fixed,web,1.0,7.3755
linear-fixed,api,1.0,8.2081
linear-fixed,batch,0.9071,3.703
linear-fixed,analytics,0.9861,4.6052
linear-fixed,ml,0.9024,4.5056
linear-rr,web,0.206,1.0183
linear-rr,api,0.5065,1.0507
linear-rr,batch,0.0261,1.0026
linear-rr,analytics,0.0525,1.0049
linear-rr,ml,0.1635,1.0149
ml-cfs-static,web,0.4629,1.0767
ml-cfs-static,api,0.6997,1.1207
ml-cfs-static,batch,0.04,1.0071
ml-cfs-static,analytics,0.0725,1.0114
ml-cfs-static,ml,0.2198,1.0346
phase-coupled,web,0.0491,1.003
phase-coupled,api,0.164,1.0124
phase-coupled,batch,0.0131,1.0007
phase-coupled,analytics,0.048,1.0038
phase-coupled,ml,0.1718,1.0139
